feature,mean_abs_shap
friction_coeff,7.26289902583921
ego_speed_kmh,6.473905616257206
weather,3.3837019740323777
closing_speed_kmh,2.0183074679535347
target_speed_kmh,0.08915756242938981
time_of_day,0.020403906800828323
visibility_factor,0.016679829997719685
overlap_pct,0.00016746401450806395
road_surface,3.56567162608625e-10
